{
"apiVersion": "V2",
"assemblies": [
{
  "files": [
    {
      "filePath": "data_summary.tsv",
      "fileType": "DATA_TABLE",
      "uncompressedLengthBytes": "587"
    },
    {
      "filePath": "assembly_data_report.jsonl",
      "fileType": "DATA_REPORT",
      "uncompressedLengthBytes": "7044"
    }
  ]
},{
  "accession": "GCA_044361425.1",
  "files": [
    {
      "filePath": "GCA_044361425.1/GCA_044361425.1_ASM4436142v1_genomic.fna",
      "fileType": "GENOMIC_NUCLEOTIDE_FASTA",
      "uncompressedLengthBytes": "4768650"
    }
  ]
},{
  "accession": "GCF_044361425.1",
  "files": [
    {
      "filePath": "GCF_044361425.1/GCF_044361425.1_ASM4436142v1_genomic.fna",
      "fileType": "GENOMIC_NUCLEOTIDE_FASTA",
      "uncompressedLengthBytes": "4768653"
    }
  ]
}]}
